<?xml version="1.0"?>
<pagescount>
	<html_total>7</html_total>
	<html_done>7</html_done>
	<img>20</img>
	<js>16</js>
	<css>12</css>
	<pdf/>
	<doc/>
	<xls/>
	<ppt/>
	<swf/>
	<mp3/>
	<mp4/>
	<wav/>
	<xml/>
	<json/>
	<txt/>
	<fonts>32</fonts>
	<scraping_reload>1</scraping_reload>
	<is_pretty_url>false</is_pretty_url>
	<is_ebn>false</is_ebn>
	<theme_name>188825</theme_name>
	<server_url_front_page>https://www6.waybackmachinedownloader.com/wdo/files/demo/colorlib.com_pre043358m1999_gmail.com_0badgx63ijc/</server_url_front_page>
	<no_www_url>colorlib.com</no_www_url>
	<hosted_domain/>
	<original_archive_url>https://colorlib.com/preview/theme/sogo/</original_archive_url>
	<final_archive_url>https://colorlib.com/preview/theme/sogo/</final_archive_url>
	<front_page_code_date/>
	<total_urls_from_api/>
	<search_url_added>false</search_url_added>
	<total_size>7440</total_size>
</pagescount>
